"URL","Title","Publish date","Authors","Section","Tags","Sort (Views)","Visitors","Views","Engaged minutes","New vis.","Returning vis.","Avg. views new vis.","Avg. views ret. vis.","Avg. minutes new vis.","Avg. minutes ret. vis.","Desktop views","Mobile views","Tablet views","Search refs","Internal refs","Other refs","Direct refs","Social refs","Fb refs","Tw refs","Li refs","Pi refs","Social interactions","Fb interactions","Tw interactions","Li interactions","Pi interactions"
"http://www.huffingtonpost.com/entry/trump-obama-vacation-tweets_us_5982dcdae4b06d4888743fce","These Donald Trump Tweets About Barack Obama's Vacations Didn't Age Well",2017-08-03 05:57:00,"Alana Horowitz Satlin","Politics","@health_ibs,@health_models,@team_us_news_ga,barack-obama,democratic-politics,donald-trump,republican-politics,type: news,us-news,us-presidential-elections",238186,222322,238186,201342,38020,115254,1.064,1.11,1.178,1.408,89720,126660,21806,26369,96165,5585,25150,67552,61650,5651,20,20,46954,46626,177,102,49
"https://www.huffingtonpost.com/entry/when-your-house-floods_us_59a6f2ffe4b084581a14f734","Here's What Will Happen When Your House Floods",2017-08-31 09:47:00,"Julia Craven","Politics","@bustournewsletter,@health_ibs,@health_models,@team_us_news_national_beats,fema,floods,houston,hurricane,hurricane-harvey,hurricane-katrina,must-reads,new-orleans,storms,type: news,us-news",238123,204972,238123,442248,66548,138424,1.063,1.162,2.003,2.146,112670,108353,17100,12388,109269,5459,27971,60761,46958,13423,12,14,9832,9475,210,126,21
"https://www.huffingtonpost.com/entry/senate-republicans-graham-cassidy-health-care_us_59c03bebe4b0f22c4a8bf981","Senators Who Had Voted Against Obamacare Repeal Are Now Wavering",2017-09-18 18:52:00,"Matt Fuller","Politics","@health_depression,@health_ibs,@health_models,@team_us_news_ga,bill-cassidy,health-care-reform,john-mccain,lindsey-graham,lisa-murkowski,obamacare,obamacare-repeal,party-leaders-of-the-united-states-senate,republican-politics,senate,type: news",238039,213664,238039,299025,32244,152054,1.065,1.15,1.43,1.679,113556,101217,23266,11005,159876,6143,14150,29284,25417,3632,NA,5,15004,14435,543,NA,26
"http://www.huffingtonpost.com/entry/kkk-grand-dragon-charlottesville_us_599457e1e4b009141641c054","KKK Grand Dragon Says He's 'Glad That Girl Died' During Charlottesville Rally",2017-08-16 12:11:00,"Hayley Miller","Politics","@ads_scary,@genassign,@health_erectile,@health_ibs,@health_models,@team_us_news_ga,barker,charlottesville-virginia,chris-barker,donald-trump,hate-crimes,hate-speech,james-thomas-fields,justin-moore,type: news,us-news",237604,222078,237604,220492,32777,122915,1.051,1.118,1.325,1.463,84822,133803,18979,22420,116938,6749,10532,63704,61100,2542,4,46,54139,53643,342,70,84
"https://www.huffingtonpost.com/entry/jeff-sessions-uranium-one-hillary-clinton_us_5a3b9b52e4b025f99e14cd5e","Jeff Sessions Reportedly Revives Probe Of Uranium One Deal",2017-12-21 08:02:00,"Alana Horowitz Satlin","Politics","@health_ibs,@health_models,@team_us_huffpost_now,clinton-foundation,democratic-politics,donald-trump,hillary-clinton,international-news,jeff-sessions,nbc-news,type: news,uranium-one-inc,us-department-of-justice,us-department-of-state,us-news,us-presidential-elections",236347,195482,236347,131784,26414,108740,1.122,1.153,0.927,0.97,110640,110530,15177,30526,106559,37114,29433,8019,7086,877,3,NA,15859,15459,388,6,6
"http://www.huffingtonpost.com/entry/michael-cohen-trump-lawyer-russia_us_59a71a28e4b010ca2899e933","Michael Cohen Speaks: Trump Exec Admits Russia Dealings Were Gross, But Not Illegal",2017-08-30 18:07:00,"Vicky Ward","Politics","@health_depression,@health_erectile,@health_ibs,@health_models,@team_us_news_national_beats,donald-trump,michael-cohen,michael-flynn,must-reads,reince-priebus,russia,trump-organization,trump-tower,type: news,ukraine,vladimir-putin",236247,207450,236247,346625,29885,150042,1.091,1.162,1.701,1.961,105658,103123,27466,26356,157091,9955,14836,9906,6446,3435,14,2,2349,1995,259,86,9
"http://www.huffingtonpost.com/entry/tk-chaos-takes-uc-berkeley-as-desperate-rally-for-free-speech-devolves_us_59c7bdefe4b01cc57ff2c5ab","Milo Yiannopoulos Flounders At Desperate 'Free Speech' Rally On UC Berkeley Campus",2017-09-24 16:09:00,"Andy Campbell,Christopher Mathias","Politics","@bustournewsletter,@genassign,@health_depression,@health_erectile,@health_gad,@health_ibs,@health_models,@noad_mid_article,@team_us_news_ga,berkeley-california,hate-speech,milo-yiannopoulos,politics,type: news,university-of-california-berkeley,us-news",235638,219597,235638,264953,43340,144132,1.084,1.075,1.333,1.413,99566,112700,23372,20038,115141,47813,21421,15076,13957,1060,NA,4,3218,3150,56,7,5
"https://www.huffingtonpost.com/entry/trump-obamacare-payments-insurers_us_59e01859e4b03a7be57f71a9","Trump To Cut Off Billions In Key Obamacare Payments To Insurers",2017-10-12 22:48:00,"Jeffrey Young","Politics","@developing,@health_erectile,@health_ibs,@health_models,@team_us_news_national_beats,affordable-care-act,donald-trump,health-care-reform,health-insurance,obamacare,obamacare-repeal,type: news,us-news",235596,193843,235596,294537,29541,129701,1.081,1.233,1.651,1.886,99203,115125,21268,2827,140102,23778,25469,26434,23471,2928,11,5,56793,56079,626,40,48
"http://www.huffingtonpost.com/entry/russian-officials-trump-associates_us_59669790e4b0a8d46d11e247","Report Says U.S. Intelligence Agencies Heard Russian Officials Discussing Trump Team In 2015",2017-07-12 18:28:00,"Mollie Reilly","Politics","@genassign,@health_depression,@health_erectile,@health_gad,@health_ibs,@health_models,@team_us_news_ga,donald-trump,republican-politics,the-wall-street-journal,type: news,us-intelligence-community,us-news",235017,212887,235017,159655,26412,152811,1.074,1.139,0.796,0.899,93622,113559,27836,8489,164944,1736,11212,30295,26994,3212,41,6,4742,4459,158,102,23
"https://www.huffingtonpost.com/entry/kellyanne-conway-donald-trump-empowering-women_us_59e05e93e4b03a7be57f802f","Kellyanne Conway's Tweet About Trump 'Empowering Women' Didn't Go Down Well",2017-10-13 03:12:00,"Lee Moran","Politics","@amazonecho,@health_erectile,@health_ibs,@health_models,@team_us_news_trends,donald-trump,elections,kellyanne-conway,type: news,us-news",234948,225261,234948,227374,27044,139572,1.063,1.069,1.259,1.394,99136,111772,24040,9427,130497,3365,10867,61135,58944,1378,6,7,15347,15240,54,29,24
"https://www.huffingtonpost.com/entry/donald-trump-war-on-halloween_us_59e6c5e4e4b00905bdad6662","Trump Declares War On Halloween With Another Weird Christmas Rant",2017-10-18 03:49:00,"Ed Mazza","Politics","@amazonecho,@health_ibs,@health_models,@team_us_news_trends,christmas,donald-trump,halloween,holiday-greetings,type: news,us-news",234460,212780,234460,157506,29146,94802,1.059,1.087,1.202,1.267,80775,133874,19811,6523,64829,12892,14319,121347,116393,4410,NA,21,18577,18409,38,NA,130
"http://www.huffingtonpost.com/entry/trump-fire-and-fury_us_598b2fa8e4b0d793738c0859","Trump Probably Made Up That 'Fire And Fury' Quote On His Own",2017-08-09 12:35:00,"Paige Lavender","Politics","@bustournewsletter,@health_depression,@health_ibs,@health_models,@team_us_news_ga,donald-trump,international-news,north-korea,type: news",234296,208722,234296,264151,27194,170276,1.083,1.12,1.219,1.342,140041,76191,18064,9410,191395,497,6510,7274,6480,765,NA,10,4822,4716,73,NA,33
"http://www.huffingtonpost.com/entry/pete-souza-obama-photographer-trump-natural-disasters_us_59a821dbe4b010ca289ad713","Obama Photographer Reminds Us How Presidents Used To Act During Disasters",2017-08-31 15:28:00,"Elyse Wanshel","Politics","@bustournewsletter,@health_depression,@health_ibs,@health_models,@team_us_news_trends,barack-obama,donald-trump,hurricane-harvey,natural-disasters,pete-souza,republican-politics,type: news,us-news,us-presidential-elections",233734,213136,233734,114744,35564,60012,1.041,1.085,1.046,1.244,42302,176720,14712,25644,38008,8624,14646,138556,119854,18413,8,15,177416,176991,231,24,170
"https://www.huffingtonpost.com/entry/mike-pence-misleading-statements-russia_us_5a0b034ce4b0bc648a0de92a","Mike Pence Keeps Getting Caught In A Web Of Deception",2017-11-14 13:25:00,"Marina Fang","Politics","@health_depression,@health_erectile,@health_gad,@health_ibs,@health_models,@team_us_huffpost_now,donald-trump,election-campaigns,james-b-comey,michael-t-flynn,mike-pence,republican-politics,russia,type: news,us-presidential-elections,wikileaks",233716,216836,233716,252814,26978,158074,1.073,1.078,1.283,1.397,108827,101855,23034,13996,154653,18106,10425,15383,11379,3905,3,70,11814,11146,406,44,218
"https://www.huffingtonpost.com/entry/mueller-trump-russia-probe-mike-flynn_us_59ff48b5e4b0c9652ffff7eb","Mueller Has Enough Evidence to Charge Mike Flynn, Trump's Former National Security Adviser: Report",2017-11-05 12:33:00,"Staff","Politics","@health_ibs,@health_models,@team_us_news_ga,donald-trump,michael-t-flynn,mike-pence,robert-mueller,russia-investigation,type: news,us-news",233671,199067,233671,154049,32042,119833,1.046,1.215,0.825,1.051,70466,137497,25708,23404,138446,6812,13768,35218,32319,2843,1,16,22202,22049,125,11,17
"http://www.huffingtonpost.com/entry/donald-trump-priebus-flynn-comey-firings_us_597d1c2be4b02a4ebb75e460","Donald Trump Has Parted Ways With A Shocking Number Of Senior Officials",2017-07-29 21:22:00,"Daniel Marans,Lydia O'Connor","Politics","@amazonecho,@genassign,@health_depression,@health_erectile,@health_gad,@health_ibs,@health_models,@team_us_news_ga,anthony-scaramucci,donald-trump,james-b-comey,michael-flynn,reince-priebus,sean-spicer,type: news,white-house",233373,215748,233373,286153,33789,180192,1.059,1.105,1.296,1.377,104654,97566,31153,8275,186335,3504,11460,5356,3556,1634,NA,22,2164,2029,133,NA,2
"https://www.huffingtonpost.com/entry/daily-stormer-nazi-style-guide_us_5a2ece19e4b0ce3b344492f2","This Is The Daily Stormer's Playbook",2017-12-13 16:00:00,"Ashley Feinberg","Politics","@health_adhd,@health_depression,@health_erectile,@health_gad,@health_hiv,@health_ibs,@health_models,@health_pain,@team_us_enterprise_politics,cyberbullying,extremism,hate-speech,must-reads,nazis,political-science,politics,psychology,racism,the-daily-stormer,type: news,weev,white-supremacy",233175,200633,233175,430604,68949,117052,1.074,1.202,2.286,2.366,109918,107359,15898,5882,78534,11970,26034,76681,25874,48886,8,2,24826,22606,2097,99,24
"https://www.huffingtonpost.com/entry/donald-trump-charlottesville_us_598f29c2e4b0909642973a6c","Donald Trump Blames 'Many Sides' For White Supremacist Clashes In Charlottesville",2017-08-12 13:21:00,"Paige Lavender,Daniel Marans","Politics","@health_depression,@health_erectile,@health_gad,@health_ibs,@health_models,@team_us_news_ga,charlottesville-virginia,donald-trump,hate-speech,international-news,melania-trump,type: news,us-news,white-house",232951,203088,232951,191423,22387,96285,1.073,1.194,1.471,1.673,99357,99427,34167,4510,97640,2594,4344,108496,107581,813,NA,7,65111,64686,233,12,180
"http://www.huffingtonpost.com/entry/republicans-food-stamps-budget_us_5956a35ee4b02734df32408a","Food Stamps Are Holding Up The Republican Agenda",2017-07-01 08:37:00,"Arthur Delaney","Politics","@health_depression,@health_erectile,@health_ibs,@health_models,@team_us_news_national_beats,agriculture-industry,diane-black,freedom-caucus,government-spending,mike-conaway,republican-politics,supplemental-nutrition-assistance-program,type: news,united-states-house-committee-on-agriculture,united-states-house-committee-on-the-budget,united-states-senate-committee-on-agriculture-nutrition-and-forestry,us-government-resources,us-house-of-representatives,us-news,welfare-services",232601,199504,232601,312129,31655,158153,1.092,1.126,1.439,1.645,101652,101323,29626,3927,177886,6151,13413,18290,16408,1812,NA,7,7485,7307,160,NA,18
"http://www.huffingtonpost.com/entry/russia-trump-internet-laws_us_59693615e4b0174186278e40","Russia Spent A Fortune Shilling For Trump – And May Not Have Broken Any Laws",2017-07-16 23:59:00,"S.V. Date","Politics","@health_depression,@health_erectile,@health_ibs,@health_models,@team_us_news_national_beats,cyberbullying,donald-trump,donald-trump-jr,election-campaign-finance,international-news,republican-politics,russia,type: news,us-news,us-presidential-elections",232504,210239,232504,308884,30522,158940,1.085,1.109,1.458,1.651,107588,96680,28236,10325,168988,23888,8932,2201,1388,777,NA,3,1749,1667,71,5,6
"https://www.huffingtonpost.com/entry/donald-trump-jay-malsky-disney-world_us_5a46714be4b06d1621b85979","Disney World Guest Mercilessly Heckles Animatronic Donald Trump",2017-12-29 14:51:00,"David Moye","Politics","@health_adhd,@health_depression,@health_erectile,@health_gad,@health_ibs,@health_models,@team_us_huffpost_now,arts-and-entertainment,donald-trump,hate-speech,jay-malsky,type: news,us-news,walt-disney-world-resort",232217,171490,232217,257236,26800,84690,1.038,1.132,1.672,2.014,103331,107585,21301,17070,80302,6988,58420,54352,47094,6138,NA,NA,18675,18584,84,4,3
"http://www.huffingtonpost.com/entry/richard-jones-butler-county_us_595fb129e4b02e9bdb0c3b78","Sheriff In Heart Of Ohio's Opioid Epidemic Refuses To Carry Overdose Reversal Drug",2017-07-08 07:00:00,"Nick Wing","Politics","@health_adhd,@health_depression,@health_erectile,@health_gad,@health_hiv,@health_ibs,@health_models,@health_pain,@team_us_news_ga,heroin,narcan,ohio,opioid-epidemic,type: news",232035,211970,232035,271518,39204,104988,1.064,1.11,1.852,1.952,57958,149101,24976,8369,82901,37287,15847,77376,71933,5361,64,14,48485,47587,709,162,27
"http://www.huffingtonpost.com/entry/jeff-sessions-leaks_us_59807a57e4b08e1430058d5a","Jeff Sessions Floats Media Subpoenas As Part Of Crackdown On Leaks",2017-08-04 11:13:00,"Sam Levine","Politics","@genassign,@health_depression,@health_erectile,@health_ibs,@health_models,@team_us_news_ga,donald-trump,intelligence-community,james-b-comey,jeff-sessions,justice-department,leaks,rod-rosenstein,type: news,us-news",231964,212181,231964,257857,28154,170239,1.097,1.073,1.25,1.297,130649,84436,16879,5506,169131,12710,17609,10833,9147,1642,6,1,15587,15118,386,55,28
"http://www.huffingtonpost.com/entry/trump-obamacare-fail_us_596e8073e4b0000eb196a4c4","Trump's Plan To 'Let Obamacare Fail' Is Morally Appalling",2017-07-18 18:28:00,"Jeffrey Young","Politics","@health_depression,@health_erectile,@health_ibs,@health_models,@team_us_news_national_beats,affordable-care-act,congress,donald-trump,health-care,health-insurance,repeal-and-replace,republican-politics,trumpcare,type: news",231604,197067,231604,340454,26414,140945,1.098,1.189,1.67,2.039,96518,104540,30546,9437,164837,4842,8594,28893,20286,8441,27,29,41971,40938,680,268,85
"http://www.huffingtonpost.com/entry/richard-painter-gun-laws_us_59d2fc63e4b048a44324abd9","George W. Bush's Ethics Lawyer Has A Good Idea For How We Could Change Gun Laws",2017-10-03 00:21:00,"Ed Mazza","Politics","@health_adhd,@health_depression,@health_erectile,@health_gad,@health_hiv,@health_ibs,@health_models,@health_pain,@team_us_news_trends,george-w-bush,gun-control,presidency-of-george-w-bush,richard-painter,type: news,us-news",230354,212363,230354,144922,25059,123263,1.036,1.125,0.887,0.985,74048,129485,26821,4060,117886,6076,7998,78688,71843,6760,NA,2,11773,11536,186,5,46
"http://www.huffingtonpost.com/entry/mcconnell-health-care-vote_us_5976a05ae4b0e201d57775c8","Mitch McConnell's Health Care Gambit: What We Don't Know",2017-07-24 23:00:00,"Matt Fuller","Politics","@health_depression,@health_ibs,@health_models,@team_us_news_national_beats,bob-corker,chuck-grassley,dean-heller,health-care-reform,john-mccain,lisa-murkowski,mike-lee,mitch-mcconnell,obamacare,rand-paul,republican-party,republican-politics,senate,susan-collins,type: news,us-government-resources,us-news,us-presidential-elections",230246,192142,230246,331075,27560,158493,1.064,1.197,1.617,1.768,128209,79044,22993,3891,194047,2129,8693,4174,1573,2530,NA,NA,2480,2284,185,NA,11
"https://www.huffingtonpost.com/entry/trump-opioid-emergency_us_59e52816e4b02a215b326f29","Trump Officially Declares Opioid Crisis An Emergency 2 Months After Saying He Would",2017-10-26 14:34:00,"Nick Wing","Politics","@health_adhd,@health_depression,@health_erectile,@health_gad,@health_hiv,@health_ibs,@health_models,@health_pain,@team_us_news_ga,donald-trump,drug-abuse,drugs,news-and-politics,opioid-dependence,public-health,type: news",229959,208197,229959,153758,23295,180899,1.095,1.107,0.698,0.758,145415,68566,15978,2387,203083,730,3148,1944,1856,87,NA,1,1982,1955,23,NA,4
"http://www.huffingtonpost.com/entry/motel-6-admits-immigration-reports_us_59b9e79be4b086432b04471f","Motel 6 Admits Arizona Sites Were Reporting Guests To ICE Without Chain's Approval",2017-09-14 00:56:00,"Carla Herreria,Matt Ferner","Politics","@bustournewsletter,@health_erectile,@health_ibs,@health_models,@team_us_news_trends,hotels,motel-6,phoenix-arizona,phoenix-new-times,racial-profiling,type: news,undocumented-immigrants,us-immigration-and-customs-enforcement",229926,211620,229926,203565,36149,130772,1.052,1.079,1.171,1.231,95902,115877,18147,16789,115301,20016,19468,43740,41879,1669,2,1,36592,36228,299,41,24
"http://www.huffingtonpost.com/entry/obamacare-repeal-moves-ahead-senate_us_59776899e4b0a8a40e82ba32","Obamacare Repeal Moves Ahead With Key Senate Vote",2017-07-25 15:04:00,"Jeffrey Young","Politics","@breaking,@developing,@health_depression,@health_erectile,@health_gad,@health_ibs,@health_models,@team_us_news_national_beats,health-care-reform,obamacare,party-leaders-of-the-united-states-senate,public-health,republican-politics,senate,type: news,us-government-resources,us-news",229438,202991,229438,260831,26479,148454,1.073,1.141,1.375,1.502,120851,93309,15278,8585,169497,9157,8247,20455,17290,2997,5,NA,20779,20634,129,7,9
"https://www.huffingtonpost.com/entry/mike-pence-nfl-walks-out_us_59da5fb4e4b0f6eed35114bd","Mike Pence Walks Out Of NFL Game Over Kneeling Protest",2017-10-08 14:01:00,"Igor Bobic","Politics","@amazonecho,@health_depression,@health_erectile,@health_ibs,@health_models,@team_us_news_national_beats,football,indianapolis-colts,mike-pence,nfl,racism,type: news",228204,211581,228204,180126,32130,132679,1.085,1.111,1.047,1.098,77040,127739,23425,19447,131249,2859,27181,32824,29489,3319,1,14,117763,117047,539,10,167
"https://www.huffingtonpost.com/entry/bob-corker-trump-world-war-iii_us_59dad12de4b0f6eed3513cf8","GOP Sen. Bob Corker Says Trump's Volatility Could Spark 'World War III'",2017-10-08 22:13:00,"Nick Visser","Politics","@genassign,@health_depression,@health_gad,@health_ibs,@health_models,@team_us_news_ga,bob-corker,donald-trump,international-news,republican-politics,type: news,us-news,us-presidential-elections,world-war-iii",228073,204311,228073,197311,28578,157930,1.077,1.107,1.117,1.041,92464,106886,28723,9549,164708,2514,13136,18508,17181,1267,21,4,17449,17152,141,95,61
"https://www.huffingtonpost.com/entry/jaguars-owner-locks-arms-with-players_us_59c7bad1e4b0cdc77331dd3c","Jaguars Owner Locks Arms With Players After Trump Attacks On NFL Protests",2017-09-24 10:55:00,"Nina Golgowski","Politics","@health_depression,@health_erectile,@health_ibs,@health_models,@team_us_news_trends,football,jacksonville-jaguars,nfl,shahid-khan,type: news",227935,206718,227935,145549,21827,93795,1.051,1.149,1.161,1.261,55982,153192,18761,6632,103856,1425,8284,100568,97014,3468,56,5,90142,89478,192,401,71
"http://www.huffingtonpost.com/entry/bill-maher-donald-trump-tax-reform_us_59c22236e4b087fdf5091f46","Bill Maher Asks Donald Trump's Supporters: 'You Know You’re Being Conned, Right?'",2017-09-20 07:08:00,"Lee Moran","Politics","@amazonecho,@bustournewsletter,@health_ibs,@health_models,@team_us_news_trends,@usnews,arts-and-entertainment,bill-maher,donald-trump,ivanka-trump,real-time-with-bill-maher,type: news",227578,224821,227578,156614,68417,97874,1.034,1.076,0.921,0.951,102418,103918,21242,13863,61199,81513,15036,41182,38340,1234,NA,4,19918,19788,111,1,18
"https://www.huffingtonpost.com/entry/winston-churchill-nicholas-soames-donald-trump_us_59eb0b65e4b00f08619f0d65","Winston Churchill's Grandson Introduces A New Nickname For Donald Trump",2017-10-21 05:38:00,"Lee Moran","Politics","@amazonecho,@health_depression,@health_gad,@health_ibs,@health_models,@team_us_news_trends,donald-trump,islamism,nicholas-soames,police,terrorism,type: news,winston-churchill",227231,208279,227231,168310,30023,124686,1.069,1.086,1.023,1.099,74063,124883,28285,9909,112207,9920,15714,62408,54060,8155,5,32,14091,13926,127,24,14
"http://www.huffingtonpost.com/entry/trump-charlottesville-moral-authority_us_59948dffe4b0d0d2cc83bc4f","Trump Erodes Moral Authority Of The Presidency In Wake Of Charlottesville",2017-08-16 16:11:00,"Igor Bobic","Politics","@health_depression,@health_erectile,@health_ibs,@health_models,@team_us_news_national_beats,charlottesville-virginia,donald-trump,hate-speech,international-news,type: news,us-news,us-politics",226729,199552,226729,272320,27422,164943,1.06,1.151,1.267,1.424,111193,86330,29206,1477,192017,4398,7618,3299,2194,1082,NA,6,4655,4371,269,1,14
"https://www.huffingtonpost.com/entry/harvey-weinstein-donald-trump-sequel_us_59dcea8be4b0a8e1367f1bae","Harvey Weinstein's Audio Is The Horrifying Sequel To Trump's 'Access Hollywood' Tape",2017-10-10 14:12:00,"Marina Fang","Politics","@ads_sexy,@genassign,@health_adhd,@health_depression,@health_erectile,@health_gad,@health_hiv,@health_ibs,@health_models,@health_pain,@team_us_news_ga,access-hollywood,arts-and-entertainment,donald-trump,harvey-weinstein,sex-crimes,the-weinstein-company,type: news,us-news",225856,205229,225856,377567,41130,106831,1.163,1.143,2.524,2.639,68321,141536,15999,24938,96408,3067,11855,83878,70421,13202,2,9,31504,31106,328,3,67
"http://www.huffingtonpost.com/entry/senate-republicans-bcra-vote_us_5977f7dfe4b0a8a40e83a2d4","Senate Republicans Vote Down Obamacare ‘Replacement’ But Look Poised To Pass Something",2017-07-25 22:36:00,"Matt Fuller","Politics","@health_ibs,@health_models,@team_us_news_ga,democratic-caucus-of-the-united-states-senate,health-care-reform,obamacare,parliamentarian-of-the-united-states-senate,republican-politics,senate,ted-cruz,type: news,us-government-resources,us-news,us-presidential-elections",225340,195481,225340,245203,28498,133256,1.053,1.171,1.335,1.554,94577,108772,21991,8852,146180,8543,15275,31479,22940,8378,NA,NA,20188,19951,220,NA,17
"http://www.huffingtonpost.com/entry/woman-laughed-jeff-sessions_us_59a8cb8ae4b0b5e530fd7c8b","Jeff Sessions' DOJ To Put Woman Who Laughed At Jeff Sessions On Trial Yet Again",2017-09-01 11:06:00,"Ryan J. Reilly","Politics","@ads_scary,@health_depression,@health_erectile,@health_ibs,@health_models,@team_us_news_national_beats,criminal-punishment,desiree-fairooz,free-speech,jeff-sessions,trial,type: news,us-news",225159,200502,225159,300888,34152,137459,1.072,1.106,1.559,1.798,91528,107592,26039,11800,122804,15138,23054,36791,20951,14991,4,6,30350,28086,2165,39,60
"https://www.huffingtonpost.com/entry/gary-cohn-tax-cut-ceos-donors_us_5a049571e4b0f76b05c4249e","Republicans Admit That CEOs And Donors Really Need The Tax Cut Bill To Pass -- Or Else",2017-11-09 13:57:00,"Paul Blumenthal","Politics","@health_depression,@health_erectile,@health_ibs,@health_models,@team_us_news_national_beats,billionaires,chris-collins,donor,gary-cohn,lindsey-graham,personal-taxes,political-science,republican-party,republican-politics,tax-cuts,taxes,type: news,us-news",224799,191013,224799,291358,29903,137517,1.046,1.227,1.442,1.78,97536,102339,24924,5359,162656,3267,8567,23282,21900,1281,3,46,14558,14041,341,25,151
"http://www.huffingtonpost.com/entry/trump-transgender-military-service-ban-republican-opposition_us_5978bbb4e4b0e201d57a65b4","Republicans Break With Trump On Banning Transgender Soldiers",2017-07-26 13:40:00,"Marina Fang","Politics","@health_erectile,@health_ibs,@health_models,@team_us_news_ga,donald-trump,international-news,john-mccain,lgbtq-sexuality,orrin-hatch,political-science,republican-politics,richard-shelby,type: news,us-news,us-presidential-elections",224638,205885,224638,195610,23739,115445,1.063,1.087,1.32,1.373,62796,141670,20172,6181,113921,3138,15839,73642,70214,3171,1,5,58485,58300,164,7,14
"https://www.huffingtonpost.com/entry/cheyenne-river-sioux-trump-pocahontas_us_5a1eeb16e4b017a311ebcf24","Sioux Leader To Trump: 'Leave The Office You Bought And Take Your Swamp Things With You'",2017-11-29 13:35:00,"Hayley Miller","Politics","@health_adhd,@health_depression,@health_erectile,@health_gad,@health_hiv,@health_ibs,@health_models,@health_pain,@team_us_huffpost_now,american-dream,american-life,donald-trump,hate-speech,native-americans,pocahontas,political-science,sioux,type: news,united-states,us-news",224279,208872,224279,157601,30658,72160,1.071,1.134,1.514,1.576,55382,150286,18611,4647,45926,9629,21740,130174,126114,3073,63,109,222692,220502,946,726,518
"https://www.huffingtonpost.com/entry/sarah-huckabee-sanders-trump-franken_us_5a0f489de4b0dd63b1aa3ee7","White House: The Difference Between Trump And Franken Is Franken 'Admitted Wrongdoing'",2017-11-17 16:38:00,"Mollie Reilly","Politics","@ads_sexy,@genassign,@health_depression,@health_erectile,@health_ibs,@health_models,@team_us_huffpost_now,al-franken,donald-trump,republican-politics,sex-crimes,type: news,us-news,white-house",223860,208279,223860,144785,33875,122757,1.082,1.125,0.881,0.94,75671,128994,19195,18723,114933,4956,9043,58247,57314,860,4,12,25810,25497,141,21,151
"https://www.huffingtonpost.com/entry/house-republicans-tax-brackets-brady_us_5a3a74b8e4b0b0e5a79ec354","House Republicans Don't Know Some Very Basic Facts About The Tax Bill They Wrote",2017-12-20 14:36:00,"Matt Fuller","Politics","@health_depression,@health_erectile,@health_ibs,@health_models,@team_us_politics,chris-stewart,congress,diane-black,kevin-brady,personal-taxes,taxes,type: news,united-states-house-committee-on-the-budget,united-states-house-committee-on-ways-and-means,us-house-of-representatives,us-news",223546,171489,223546,259491,24110,115222,1.124,1.179,1.61,1.856,102071,99085,22390,2579,125157,24699,27910,22110,10618,11263,3,8,13596,12734,738,22,102
"http://www.huffingtonpost.com/entry/sean-spicer-and-the-mini-fridge_us_59735686e4b00e4363dfcf5d","The Curious Tale Of Sean Spicer And The Mini-Fridge In The Night",2017-07-22 11:16:00,"Doha Madani","Politics","@amazonecho,@health_depression,@health_ibs,@health_models,@team_us_news_trends,sean-spicer,type: news,us-news",223528,210110,223528,308109,31054,134616,1.103,1.094,1.47,1.937,90222,100068,33238,6202,127684,2378,12637,62982,59437,3399,NA,NA,7429,7378,51,NA,NA
"http://www.huffingtonpost.com/entry/white-nationalist-calls-presidents-denouncement-of-hate-groups-kumbaya-nonsense_us_59923778e4b09096429961e8","White Nationalist Calls Trump's Denouncement Of Hate Groups 'Kumbaya Nonsense'",2017-08-14 21:17:00,"Dana Liebelson","Politics","@bustournewsletter,@health_erectile,@health_ibs,@health_models,@must_reads,@team_us_news_national_beats,alexandria-virginia,charlottesville-virginia,donald-trump,must-reads,richard-spencer,type: news,white-nationalists,white-supremacists",223246,197443,223246,240666,28336,123443,1.082,1.134,1.419,1.582,91127,111706,20413,15449,124697,12865,11291,39892,35112,4657,94,4,15493,15130,229,95,39
"http://www.huffingtonpost.com/entry/trump-defends-joe-arpaio-pardon_us_59a480c6e4b050afa90c12d7","Trump Defends Pardoning Joe Arpaio During Hurricane, Saying He Did It For 'The Ratings'",2017-08-28 17:18:00,"Marina Fang","Politics","@bustournewsletter,@developing,@genassign,@health_ibs,@health_models,@team_us_news_ga,arizona,barack-obama,donald-trump,hurricane-harvey,immigration,joe-arpaio,racial-profiling,type: news",223135,203601,223135,156931,23244,129275,1.083,1.128,0.946,1.032,86722,114953,21460,10385,138403,1773,13776,47561,42284,5215,NA,17,28919,28647,195,1,76
"http://www.huffingtonpost.com/entry/hot-dog-vendor-berkeley_us_59b7d145e4b031cc65cc9ae0","Donations Pour In For Hot Dog Vendor After Viral Video Shows Cop Taking His Cash",2017-09-12 10:24:00,"Nick Wing","Politics","@bustournewsletter,@health_erectile,@health_ibs,@health_models,@team_us_news_ga,california,law-enforcement,legal-issues,theft,type: news,university-of-california-berkeley,us-news",223101,218937,223101,194067,31813,80481,1.108,1.082,1.715,1.776,65264,146051,11786,12042,58010,21892,11913,108797,107541,1249,4,1,43067,42839,203,19,6
"https://www.huffingtonpost.com/entry/rabbi-ivanka-trump-judaism-conversion-to-judaism-slams-president-charlottesville-response_us_59956098e4b06ef724d67f88","Rabbi Who Oversaw Ivanka Trump's Conversion To Judaism Slams President",2017-08-17 08:38:00,"Rebecca Shapiro","Politics","@ads_scary,@bustournewsletter,@health_erectile,@health_ibs,@health_models,@noleaks,@team_us_news_trends,charlottesville-virginia,donald-trump,hate-speech,ivanka-trump,jared-kushner,type: news,us-news",223082,209847,223082,262189,42435,131773,1.06,1.07,1.428,1.533,111679,92991,18412,28471,109313,28875,16263,23486,20111,3232,2,12,12774,12627,79,8,60
"https://www.huffingtonpost.com/entry/bob-corker-donald-trump_us_59ef3032e4b03535fa93ce16","Bob Corker: Donald Trump's Legacy Will Be The 'Debasement Of Our Nation'",2017-10-24 09:54:00,"Hayley Miller","Politics","@genassign,@health_adhd,@health_depression,@health_erectile,@health_gad,@health_ibs,@health_models,@team_us_news_ga,bob-corker,donald-trump,republican-politics,type: news,us-news,us-presidential-elections",222856,197833,222856,397725,26079,164665,1.111,1.112,1.929,2.073,143151,63955,15750,2260,183860,1567,6343,8608,6519,2078,1,10,13582,13335,142,49,56
"https://www.huffingtonpost.com/entry/ben-sasse-question-conservatives_us_59e015c8e4b0a52aca16c169","GOP Senator Has One Stinging Question For Conservatives Who Support Trump",2017-10-12 23:38:00,"Ed Mazza","Politics","@health_depression,@health_ibs,@health_models,@sponsor_tvrewind,@team_us_news_trends,ben-sasse,censorship,conservation,donald-trump,fcc,republican-politics,sean-hannity,television,type: news",222511,212607,222511,131125,22118,104700,1.037,1.079,0.958,1.048,68674,130454,23383,14288,90366,3179,10636,92444,91589,709,3,10,19577,19489,41,9,38
